id,name_last,name_first,email,occupation,notes
1,Smith,John,john.smith@example.com,Engineer,Great at problem-solving
2,Johnson,Emily,emily.johnson@example.com,Teacher,Passionate about education
3,Williams,Michael,michael.williams@example.com,Doctor,Dedicated to helping others
4,Brown,Olivia,olivia.brown@example.com,Artist,Creative and talented
5,Jones,David,david.jones@example.com,Chef,Loves cooking delicious food
6,Miller,Sophia,sophia.miller@example.com,Writer,Excellent storyteller
7,Davis,Daniel,daniel.davis@example.com,Musician,Plays beautiful music
8,Garcia,Ava,ava.garcia@example.com,Architect,Designs amazing buildings
9,Rodriguez,James,james.rodriguez@example.com,Lawyer,Fights for justice
10,Wilson,Isabella,isabella.wilson@example.com,Nurse,Caring and compassionate